CustomerID,CustomerName,Address,City,State,Country,Latitude,Longitude,Revenue
1,Customer_1,224 Example Street,Kolkata,West Bengal,India,22.526082,88.388585,4501
2,Customer_2,119 Example Street,Chennai,Tamil Nadu,India,13.122466,80.319186,38954
3,Customer_3,13 Example Street,Delhi,Delhi,India,28.709593,77.145444,32257
4,Customer_4,450 Example Street,Bangalore,Karnataka,India,12.997227,77.632592,2960
5,Customer_5,40 Example Street,Delhi,Delhi,India,28.679226,77.135871,5235
6,Customer_6,353 Example Street,Mumbai,Maharashtra,India,19.045602,72.88342,5476
7,Customer_7,162 Example Street,Bangalore,Karnataka,India,12.982603,77.58497,28354
8,Customer_8,304 Example Street,Bangalore,Karnataka,India,13.021497,77.619371,36943
9,Customer_9,110 Example Street,Bangalore,Karnataka,India,12.952721,77.55664,43235
10,Customer_10,450 Example Street,Mumbai,Maharashtra,India,19.104973,72.926947,8794
11,Customer_11,21 Example Street,Delhi,Delhi,India,28.665819,77.059749,30137
12,Customer_12,43 Example Street,Kolkata,West Bengal,India,22.582749,88.325672,28353
13,Customer_13,311 Example Street,Bangalore,Karnataka,India,12.922586,77.630985,44368
14,Customer_14,276 Example Street,Kolkata,West Bengal,India,22.563791,88.32876,42058
15,Customer_15,288 Example Street,Chennai,Tamil Nadu,India,13.049317,80.257934,41563
16,Customer_16,415 Example Street,Chennai,Tamil Nadu,India,13.08084,80.309242,7314
17,Customer_17,439 Example Street,Chennai,Tamil Nadu,India,13.055086,80.302559,3039
18,Customer_18,10 Example Street,Chennai,Tamil Nadu,India,13.131157,80.243772,21953
19,Customer_19,132 Example Street,Mumbai,Maharashtra,India,19.087337,72.922075,5939
20,Customer_20,255 Example Street,Chennai,Tamil Nadu,India,13.100913,80.266867,7095
21,Customer_21,41 Example Street,Chennai,Tamil Nadu,India,13.073273,80.314434,9188
22,Customer_22,108 Example Street,Delhi,Delhi,India,28.743061,77.113749,13797
23,Customer_23,373 Example Street,Delhi,Delhi,India,28.674217,77.088575,38055
24,Customer_24,389 Example Street,Kolkata,West Bengal,India,22.574596,88.331068,34373
25,Customer_25,298 Example Street,Delhi,Delhi,India,28.703694,77.102741,30538
26,Customer_26,217 Example Street,Delhi,Delhi,India,28.693382,77.122222,44465
27,Customer_27,318 Example Street,Kolkata,West Bengal,India,22.592234,88.39541,22223
28,Customer_28,277 Example Street,Delhi,Delhi,India,28.663653,77.066109,16326
29,Customer_29,281 Example Street,Delhi,Delhi,India,28.681078,77.066284,17234
30,Customer_30,210 Example Street,Chennai,Tamil Nadu,India,13.12691,80.243458,8436
31,Customer_31,4 Example Street,Delhi,Delhi,India,28.713912,77.147171,42634
32,Customer_32,382 Example Street,Delhi,Delhi,India,28.753169,77.066474,10992
33,Customer_33,302 Example Street,Mumbai,Maharashtra,India,19.111411,72.832472,18678
34,Customer_34,447 Example Street,Chennai,Tamil Nadu,India,13.037176,80.254628,30296
35,Customer_35,168 Example Street,Kolkata,West Bengal,India,22.569918,88.358117,19002
36,Customer_36,211 Example Street,Mumbai,Maharashtra,India,19.055296,72.881662,28996
37,Customer_37,259 Example Street,Kolkata,West Bengal,India,22.618282,88.357257,26928
38,Customer_38,455 Example Street,Bangalore,Karnataka,India,12.977329,77.606583,2735
39,Customer_39,54 Example Street,Delhi,Delhi,India,28.707034,77.069339,7683
40,Customer_40,189 Example Street,Chennai,Tamil Nadu,India,13.071975,80.309372,49834
41,Customer_41,479 Example Street,Mumbai,Maharashtra,India,19.032524,72.861769,37056
42,Customer_42,42 Example Street,Chennai,Tamil Nadu,India,13.073509,80.253106,2163
43,Customer_43,213 Example Street,Chennai,Tamil Nadu,India,13.074641,80.291618,40209
44,Customer_44,66 Example Street,Kolkata,West Bengal,India,22.596196,88.358308,33315
45,Customer_45,335 Example Street,Mumbai,Maharashtra,India,19.095431,72.915167,22684
46,Customer_46,352 Example Street,Kolkata,West Bengal,India,22.555003,88.373801,24094
47,Customer_47,392 Example Street,Chennai,Tamil Nadu,India,13.064066,80.260861,44440
48,Customer_48,318 Example Street,Chennai,Tamil Nadu,India,13.096783,80.281661,17194
49,Customer_49,306 Example Street,Kolkata,West Bengal,India,22.588452,88.349898,49170
50,Customer_50,473 Example Street,Bangalore,Karnataka,India,12.973146,77.580315,42736
51,Customer_51,365 Example Street,Kolkata,West Bengal,India,22.54778,88.334865,35264
52,Customer_52,461 Example Street,Chennai,Tamil Nadu,India,13.125559,80.294598,46670
53,Customer_53,83 Example Street,Delhi,Delhi,India,28.678564,77.099001,49993
54,Customer_54,169 Example Street,Kolkata,West Bengal,India,22.614666,88.383695,28922
55,Customer_55,423 Example Street,Bangalore,Karnataka,India,12.96586,77.547842,46851
56,Customer_56,319 Example Street,Chennai,Tamil Nadu,India,13.130483,80.237599,29865
57,Customer_57,88 Example Street,Bangalore,Karnataka,India,12.975996,77.62108,9746
58,Customer_58,97 Example Street,Mumbai,Maharashtra,India,19.058963,72.89773,38243
59,Customer_59,390 Example Street,Mumbai,Maharashtra,India,19.034751,72.881545,4698
60,Customer_60,262 Example Street,Chennai,Tamil Nadu,India,13.059576,80.294014,32295
61,Customer_61,418 Example Street,Bangalore,Karnataka,India,12.927607,77.632306,27381
62,Customer_62,228 Example Street,Mumbai,Maharashtra,India,19.047197,72.918282,8810
63,Customer_63,269 Example Street,Kolkata,West Bengal,India,22.596428,88.336137,11373
64,Customer_64,356 Example Street,Bangalore,Karnataka,India,13.000716,77.591778,13140
65,Customer_65,157 Example Street,Bangalore,Karnataka,India,12.975706,77.58399,27574
66,Customer_66,287 Example Street,Mumbai,Maharashtra,India,19.115089,72.845856,42906
67,Customer_67,55 Example Street,Mumbai,Maharashtra,India,19.12327,72.906593,16087
68,Customer_68,447 Example Street,Mumbai,Maharashtra,India,19.077558,72.856027,6590
69,Customer_69,94 Example Street,Kolkata,West Bengal,India,22.593708,88.381384,48977
70,Customer_70,446 Example Street,Bangalore,Karnataka,India,12.952566,77.555486,4748
71,Customer_71,253 Example Street,Chennai,Tamil Nadu,India,13.099932,80.317631,8004
72,Customer_72,301 Example Street,Chennai,Tamil Nadu,India,13.055677,80.26852,25143
73,Customer_73,183 Example Street,Bangalore,Karnataka,India,12.946487,77.580785,41649
74,Customer_74,279 Example Street,Kolkata,West Bengal,India,22.617316,88.37262,8459
75,Customer_75,227 Example Street,Kolkata,West Bengal,India,22.529432,88.356862,39947
76,Customer_76,179 Example Street,Delhi,Delhi,India,28.675105,77.082155,18478
77,Customer_77,73 Example Street,Chennai,Tamil Nadu,India,13.089598,80.26161,22201
78,Customer_78,85 Example Street,Chennai,Tamil Nadu,India,13.056586,80.23275,23951
79,Customer_79,285 Example Street,Mumbai,Maharashtra,India,19.069848,72.920082,33394
80,Customer_80,339 Example Street,Bangalore,Karnataka,India,12.941866,77.631926,15839
81,Customer_81,226 Example Street,Delhi,Delhi,India,28.683595,77.053721,10820
82,Customer_82,9 Example Street,Chennai,Tamil Nadu,India,13.050037,80.272769,28427
83,Customer_83,361 Example Street,Chennai,Tamil Nadu,India,13.128256,80.223138,33981
84,Customer_84,247 Example Street,Chennai,Tamil Nadu,India,13.108862,80.293071,33501
85,Customer_85,147 Example Street,Kolkata,West Bengal,India,22.621048,88.31611,6014
86,Customer_86,278 Example Street,Delhi,Delhi,India,28.681999,77.092836,13670
87,Customer_87,330 Example Street,Chennai,Tamil Nadu,India,13.111119,80.271266,20969
88,Customer_88,242 Example Street,Chennai,Tamil Nadu,India,13.078785,80.235081,47079
89,Customer_89,394 Example Street,Bangalore,Karnataka,India,12.98515,77.636192,42153
90,Customer_90,295 Example Street,Bangalore,Karnataka,India,12.971124,77.567365,17899
91,Customer_91,457 Example Street,Chennai,Tamil Nadu,India,13.111787,80.282425,29829
92,Customer_92,441 Example Street,Mumbai,Maharashtra,India,19.108891,72.830721,34522
93,Customer_93,456 Example Street,Chennai,Tamil Nadu,India,13.109125,80.297994,48841
94,Customer_94,254 Example Street,Kolkata,West Bengal,India,22.590145,88.410968,24618
95,Customer_95,135 Example Street,Chennai,Tamil Nadu,India,13.043251,80.256082,18918
96,Customer_96,92 Example Street,Delhi,Delhi,India,28.69304,77.146646,8825
97,Customer_97,285 Example Street,Delhi,Delhi,India,28.689712,77.136315,6380
98,Customer_98,292 Example Street,Mumbai,Maharashtra,India,19.064042,72.925142,40770
99,Customer_99,14 Example Street,Chennai,Tamil Nadu,India,13.079423,80.274848,3638
100,Customer_100,276 Example Street,Kolkata,West Bengal,India,22.583165,88.370958,5043
101,Customer_101,203 Example Street,Bangalore,Karnataka,India,13.009672,77.621118,11000
102,Customer_102,335 Example Street,Chennai,Tamil Nadu,India,13.076881,80.285322,3131
103,Customer_103,157 Example Street,Delhi,Delhi,India,28.668582,77.091449,43016
104,Customer_104,67 Example Street,Bangalore,Karnataka,India,12.958889,77.563444,1145
105,Customer_105,309 Example Street,Kolkata,West Bengal,India,22.605565,88.398557,22315
106,Customer_106,339 Example Street,Chennai,Tamil Nadu,India,13.07699,80.255191,16641
107,Customer_107,210 Example Street,Mumbai,Maharashtra,India,19.052659,72.830293,21567
108,Customer_108,341 Example Street,Delhi,Delhi,India,28.708329,77.056218,49577
109,Customer_109,30 Example Street,Kolkata,West Bengal,India,22.607063,88.410262,25131
110,Customer_110,89 Example Street,Bangalore,Karnataka,India,12.986864,77.63525,11971
111,Customer_111,76 Example Street,Delhi,Delhi,India,28.713157,77.14445,42711
112,Customer_112,302 Example Street,Delhi,Delhi,India,28.722297,77.105915,26420
113,Customer_113,481 Example Street,Kolkata,West Bengal,India,22.596365,88.356138,15793
114,Customer_114,427 Example Street,Bangalore,Karnataka,India,12.954912,77.589279,41871
115,Customer_115,47 Example Street,Bangalore,Karnataka,India,12.92965,77.549497,38738
116,Customer_116,16 Example Street,Chennai,Tamil Nadu,India,13.129752,80.242826,20065
117,Customer_117,465 Example Street,Mumbai,Maharashtra,India,19.105568,72.923172,29461
118,Customer_118,390 Example Street,Bangalore,Karnataka,India,12.938122,77.626792,48097
119,Customer_119,399 Example Street,Delhi,Delhi,India,28.662352,77.069778,48539
120,Customer_120,59 Example Street,Kolkata,West Bengal,India,22.590497,88.375786,40156
121,Customer_121,476 Example Street,Chennai,Tamil Nadu,India,13.084125,80.31518,33181
122,Customer_122,432 Example Street,Mumbai,Maharashtra,India,19.073375,72.842809,37279
123,Customer_123,75 Example Street,Bangalore,Karnataka,India,12.956513,77.640521,25272
124,Customer_124,399 Example Street,Kolkata,West Bengal,India,22.620741,88.376067,32936
125,Customer_125,464 Example Street,Mumbai,Maharashtra,India,19.113128,72.839864,47371
126,Customer_126,317 Example Street,Delhi,Delhi,India,28.682352,77.064782,7948
127,Customer_127,343 Example Street,Chennai,Tamil Nadu,India,13.087179,80.298942,46259
128,Customer_128,95 Example Street,Bangalore,Karnataka,India,12.942242,77.626272,20275
129,Customer_129,135 Example Street,Chennai,Tamil Nadu,India,13.114903,80.266318,19039
130,Customer_130,69 Example Street,Delhi,Delhi,India,28.678196,77.149334,46092
131,Customer_131,470 Example Street,Kolkata,West Bengal,India,22.551973,88.344486,20455
132,Customer_132,397 Example Street,Bangalore,Karnataka,India,12.929658,77.634652,14161
133,Customer_133,13 Example Street,Bangalore,Karnataka,India,12.992456,77.566454,34974
134,Customer_134,457 Example Street,Delhi,Delhi,India,28.657876,77.072328,33125
135,Customer_135,288 Example Street,Delhi,Delhi,India,28.703761,77.109088,35835
136,Customer_136,319 Example Street,Delhi,Delhi,India,28.683783,77.071548,18461
137,Customer_137,326 Example Street,Mumbai,Maharashtra,India,19.073051,72.889862,23727
138,Customer_138,368 Example Street,Mumbai,Maharashtra,India,19.097127,72.862454,49225
139,Customer_139,146 Example Street,Bangalore,Karnataka,India,13.009306,77.575201,20243
140,Customer_140,302 Example Street,Delhi,Delhi,India,28.667088,77.07013,29378
141,Customer_141,124 Example Street,Kolkata,West Bengal,India,22.610857,88.391201,35291
142,Customer_142,283 Example Street,Bangalore,Karnataka,India,12.970258,77.564701,10649
143,Customer_143,352 Example Street,Bangalore,Karnataka,India,13.00472,77.57685,20654
144,Customer_144,112 Example Street,Delhi,Delhi,India,28.677051,77.083434,28041
145,Customer_145,128 Example Street,Chennai,Tamil Nadu,India,13.081566,80.243912,30617
146,Customer_146,319 Example Street,Chennai,Tamil Nadu,India,13.126495,80.260841,35467
147,Customer_147,331 Example Street,Kolkata,West Bengal,India,22.622158,88.339517,2894
148,Customer_148,494 Example Street,Delhi,Delhi,India,28.730574,77.097196,25411
149,Customer_149,472 Example Street,Chennai,Tamil Nadu,India,13.108116,80.225839,2411
150,Customer_150,380 Example Street,Delhi,Delhi,India,28.745011,77.059904,48218
151,Customer_151,180 Example Street,Chennai,Tamil Nadu,India,13.070975,80.276856,20971
152,Customer_152,472 Example Street,Delhi,Delhi,India,28.664932,77.122207,33703
153,Customer_153,68 Example Street,Mumbai,Maharashtra,India,19.112251,72.85706,44248
154,Customer_154,9 Example Street,Delhi,Delhi,India,28.66084,77.107394,13512
155,Customer_155,74 Example Street,Bangalore,Karnataka,India,13.015173,77.571003,37981
156,Customer_156,305 Example Street,Chennai,Tamil Nadu,India,13.105515,80.242685,16442
157,Customer_157,17 Example Street,Bangalore,Karnataka,India,12.954757,77.621362,36383
158,Customer_158,90 Example Street,Chennai,Tamil Nadu,India,13.066114,80.290138,23781
159,Customer_159,283 Example Street,Bangalore,Karnataka,India,13.002354,77.63163,18758
160,Customer_160,308 Example Street,Chennai,Tamil Nadu,India,13.108127,80.307549,13373
161,Customer_161,12 Example Street,Delhi,Delhi,India,28.671667,77.152374,20526
162,Customer_162,246 Example Street,Chennai,Tamil Nadu,India,13.110531,80.230221,7420
163,Customer_163,2 Example Street,Mumbai,Maharashtra,India,19.094339,72.839617,30606
164,Customer_164,164 Example Street,Kolkata,West Bengal,India,22.522683,88.379599,28956
165,Customer_165,326 Example Street,Bangalore,Karnataka,India,12.991805,77.559516,27054
166,Customer_166,129 Example Street,Mumbai,Maharashtra,India,19.060104,72.909259,20649
167,Customer_167,69 Example Street,Bangalore,Karnataka,India,12.977284,77.548576,3363
168,Customer_168,135 Example Street,Mumbai,Maharashtra,India,19.108852,72.874611,42434
169,Customer_169,149 Example Street,Delhi,Delhi,India,28.721836,77.063778,11990
170,Customer_170,236 Example Street,Mumbai,Maharashtra,India,19.094317,72.83739,40500
171,Customer_171,39 Example Street,Mumbai,Maharashtra,India,19.092058,72.86892,21775
172,Customer_172,28 Example Street,Kolkata,West Bengal,India,22.552455,88.31806,6076
173,Customer_173,61 Example Street,Delhi,Delhi,India,28.709557,77.09551,7566
174,Customer_174,329 Example Street,Bangalore,Karnataka,India,13.015785,77.614103,30243
175,Customer_175,273 Example Street,Kolkata,West Bengal,India,22.613051,88.363028,46599
176,Customer_176,266 Example Street,Mumbai,Maharashtra,India,19.075865,72.88092,46297
177,Customer_177,433 Example Street,Chennai,Tamil Nadu,India,13.085453,80.29536,3219
178,Customer_178,401 Example Street,Mumbai,Maharashtra,India,19.045168,72.866194,7546
179,Customer_179,200 Example Street,Delhi,Delhi,India,28.738076,77.10342,38417
180,Customer_180,35 Example Street,Bangalore,Karnataka,India,12.938106,77.553851,35870
181,Customer_181,414 Example Street,Bangalore,Karnataka,India,12.961594,77.560115,15615
182,Customer_182,471 Example Street,Bangalore,Karnataka,India,12.965538,77.563193,21960
183,Customer_183,55 Example Street,Chennai,Tamil Nadu,India,13.034866,80.279477,42862
184,Customer_184,35 Example Street,Kolkata,West Bengal,India,22.595568,88.314296,16198
185,Customer_185,213 Example Street,Delhi,Delhi,India,28.670718,77.139704,47526
186,Customer_186,367 Example Street,Kolkata,West Bengal,India,22.532834,88.40896,28439
187,Customer_187,324 Example Street,Delhi,Delhi,India,28.69815,77.148833,47376
188,Customer_188,71 Example Street,Bangalore,Karnataka,India,12.952859,77.620461,22600
189,Customer_189,202 Example Street,Bangalore,Karnataka,India,12.961056,77.577146,10473
190,Customer_190,42 Example Street,Kolkata,West Bengal,India,22.621828,88.406891,6152
191,Customer_191,342 Example Street,Delhi,Delhi,India,28.715767,77.066161,12927
192,Customer_192,245 Example Street,Delhi,Delhi,India,28.74044,77.144099,28609
193,Customer_193,130 Example Street,Delhi,Delhi,India,28.66425,77.136187,34895
194,Customer_194,434 Example Street,Kolkata,West Bengal,India,22.525942,88.380937,17209
195,Customer_195,157 Example Street,Mumbai,Maharashtra,India,19.084882,72.913,1298
196,Customer_196,409 Example Street,Delhi,Delhi,India,28.707617,77.103613,16367
197,Customer_197,254 Example Street,Kolkata,West Bengal,India,22.589179,88.368105,23251
198,Customer_198,452 Example Street,Chennai,Tamil Nadu,India,13.038246,80.311685,7488
199,Customer_199,430 Example Street,Chennai,Tamil Nadu,India,13.070274,80.28332,41776
200,Customer_200,474 Example Street,Delhi,Delhi,India,28.702053,77.126839,16294
201,Customer_201,14 Example Street,Kolkata,West Bengal,India,22.559404,88.396919,46916
202,Customer_202,488 Example Street,Chennai,Tamil Nadu,India,13.116804,80.319936,23865
203,Customer_203,359 Example Street,Mumbai,Maharashtra,India,19.050786,72.850548,39420
204,Customer_204,199 Example Street,Kolkata,West Bengal,India,22.607374,88.367492,28184
205,Customer_205,489 Example Street,Delhi,Delhi,India,28.660934,77.060375,33657
206,Customer_206,454 Example Street,Kolkata,West Bengal,India,22.611535,88.330982,5242
207,Customer_207,378 Example Street,Chennai,Tamil Nadu,India,13.117501,80.282954,20338
208,Customer_208,439 Example Street,Bangalore,Karnataka,India,12.99848,77.58676,46948
209,Customer_209,351 Example Street,Mumbai,Maharashtra,India,19.09291,72.907748,39989
210,Customer_210,338 Example Street,Bangalore,Karnataka,India,12.980055,77.553211,14534
211,Customer_211,276 Example Street,Chennai,Tamil Nadu,India,13.091587,80.284121,3802
212,Customer_212,493 Example Street,Mumbai,Maharashtra,India,19.098027,72.888335,2500
213,Customer_213,130 Example Street,Chennai,Tamil Nadu,India,13.053704,80.226217,20838
214,Customer_214,16 Example Street,Kolkata,West Bengal,India,22.534982,88.374656,23605
215,Customer_215,21 Example Street,Kolkata,West Bengal,India,22.525298,88.353029,36590
216,Customer_216,489 Example Street,Delhi,Delhi,India,28.677746,77.139964,34279
217,Customer_217,253 Example Street,Chennai,Tamil Nadu,India,13.061911,80.316219,4160
218,Customer_218,462 Example Street,Kolkata,West Bengal,India,22.556277,88.397622,34454
219,Customer_219,223 Example Street,Delhi,Delhi,India,28.66065,77.099742,34678
220,Customer_220,392 Example Street,Kolkata,West Bengal,India,22.606506,88.333057,46033
221,Customer_221,364 Example Street,Kolkata,West Bengal,India,22.580324,88.393471,2590
222,Customer_222,59 Example Street,Delhi,Delhi,India,28.662087,77.07351,48657
223,Customer_223,91 Example Street,Delhi,Delhi,India,28.667979,77.080099,38558
224,Customer_224,56 Example Street,Delhi,Delhi,India,28.686367,77.149222,12279
225,Customer_225,196 Example Street,Delhi,Delhi,India,28.66518,77.059739,36306
226,Customer_226,392 Example Street,Mumbai,Maharashtra,India,19.092273,72.898487,3701
227,Customer_227,172 Example Street,Delhi,Delhi,India,28.671073,77.109844,20339
228,Customer_228,317 Example Street,Chennai,Tamil Nadu,India,13.086226,80.312003,18472
229,Customer_229,439 Example Street,Delhi,Delhi,India,28.677044,77.066255,20321
230,Customer_230,412 Example Street,Mumbai,Maharashtra,India,19.087902,72.856693,36796
231,Customer_231,450 Example Street,Bangalore,Karnataka,India,12.963505,77.632206,13247
232,Customer_232,373 Example Street,Mumbai,Maharashtra,India,19.111129,72.899581,4466
233,Customer_233,496 Example Street,Mumbai,Maharashtra,India,19.026473,72.843424,5438
234,Customer_234,35 Example Street,Kolkata,West Bengal,India,22.597548,88.393943,49647
235,Customer_235,235 Example Street,Chennai,Tamil Nadu,India,13.073264,80.241665,29791
236,Customer_236,480 Example Street,Kolkata,West Bengal,India,22.560999,88.316054,27379
237,Customer_237,301 Example Street,Delhi,Delhi,India,28.660167,77.142352,39772
238,Customer_238,118 Example Street,Delhi,Delhi,India,28.656245,77.071957,35790
239,Customer_239,95 Example Street,Kolkata,West Bengal,India,22.54182,88.363166,20015
240,Customer_240,124 Example Street,Mumbai,Maharashtra,India,19.119367,72.897277,1833
241,Customer_241,399 Example Street,Chennai,Tamil Nadu,India,13.052597,80.23812,49010
242,Customer_242,43 Example Street,Chennai,Tamil Nadu,India,13.083227,80.2492,16241
243,Customer_243,223 Example Street,Mumbai,Maharashtra,India,19.111919,72.880914,46537
244,Customer_244,178 Example Street,Bangalore,Karnataka,India,12.943375,77.560886,22737
245,Customer_245,405 Example Street,Chennai,Tamil Nadu,India,13.037871,80.256079,30058
246,Customer_246,432 Example Street,Delhi,Delhi,India,28.657873,77.100253,21753
247,Customer_247,230 Example Street,Kolkata,West Bengal,India,22.59548,88.329999,16474
248,Customer_248,154 Example Street,Delhi,Delhi,India,28.743518,77.070352,39103
249,Customer_249,61 Example Street,Delhi,Delhi,India,28.691451,77.134363,17149
250,Customer_250,156 Example Street,Kolkata,West Bengal,India,22.531376,88.340603,2998
251,Customer_251,178 Example Street,Chennai,Tamil Nadu,India,13.113224,80.315997,17397
252,Customer_252,18 Example Street,Bangalore,Karnataka,India,12.986666,77.60632,31798
253,Customer_253,204 Example Street,Chennai,Tamil Nadu,India,13.122038,80.256042,44458
254,Customer_254,473 Example Street,Chennai,Tamil Nadu,India,13.061915,80.285995,3714
255,Customer_255,314 Example Street,Bangalore,Karnataka,India,12.97179,77.609091,46082
256,Customer_256,29 Example Street,Bangalore,Karnataka,India,13.020956,77.590159,25967
257,Customer_257,431 Example Street,Bangalore,Karnataka,India,12.924037,77.572574,11962
258,Customer_258,169 Example Street,Delhi,Delhi,India,28.659264,77.128666,27487
259,Customer_259,265 Example Street,Bangalore,Karnataka,India,12.939011,77.627528,39475
260,Customer_260,39 Example Street,Bangalore,Karnataka,India,12.945648,77.602076,28966
261,Customer_261,246 Example Street,Delhi,Delhi,India,28.725854,77.131014,21035
262,Customer_262,162 Example Street,Mumbai,Maharashtra,India,19.087438,72.864245,35540
263,Customer_263,454 Example Street,Bangalore,Karnataka,India,12.933807,77.62085,18225
264,Customer_264,256 Example Street,Mumbai,Maharashtra,India,19.03193,72.86685,36468
265,Customer_265,233 Example Street,Chennai,Tamil Nadu,India,13.069616,80.282394,42494
266,Customer_266,325 Example Street,Delhi,Delhi,India,28.665227,77.129886,4452
267,Customer_267,453 Example Street,Kolkata,West Bengal,India,22.61204,88.328917,10858
268,Customer_268,310 Example Street,Bangalore,Karnataka,India,12.963149,77.63042,32057
269,Customer_269,254 Example Street,Delhi,Delhi,India,28.686633,77.150706,4745
270,Customer_270,261 Example Street,Delhi,Delhi,India,28.675933,77.064989,1862
271,Customer_271,82 Example Street,Mumbai,Maharashtra,India,19.12303,72.848759,26292
272,Customer_272,10 Example Street,Kolkata,West Bengal,India,22.601583,88.393774,37191
273,Customer_273,6 Example Street,Chennai,Tamil Nadu,India,13.034114,80.261248,48135
274,Customer_274,485 Example Street,Delhi,Delhi,India,28.688023,77.093002,6123
275,Customer_275,192 Example Street,Bangalore,Karnataka,India,12.978182,77.582443,15217
276,Customer_276,75 Example Street,Bangalore,Karnataka,India,13.003192,77.623396,14582
277,Customer_277,164 Example Street,Kolkata,West Bengal,India,22.592641,88.399337,43553
278,Customer_278,183 Example Street,Chennai,Tamil Nadu,India,13.117516,80.294295,7640
279,Customer_279,326 Example Street,Delhi,Delhi,India,28.71879,77.055076,42913
280,Customer_280,267 Example Street,Chennai,Tamil Nadu,India,13.083827,80.288997,23395
281,Customer_281,342 Example Street,Delhi,Delhi,India,28.707981,77.142138,5359
282,Customer_282,8 Example Street,Chennai,Tamil Nadu,India,13.089336,80.257577,24071
283,Customer_283,242 Example Street,Chennai,Tamil Nadu,India,13.092425,80.290346,40834
284,Customer_284,386 Example Street,Delhi,Delhi,India,28.708072,77.123647,27885
285,Customer_285,360 Example Street,Bangalore,Karnataka,India,13.012253,77.554347,22808
286,Customer_286,202 Example Street,Mumbai,Maharashtra,India,19.07667,72.841142,15512
287,Customer_287,329 Example Street,Bangalore,Karnataka,India,12.942437,77.641458,39760
288,Customer_288,445 Example Street,Delhi,Delhi,India,28.739823,77.057184,36353
289,Customer_289,455 Example Street,Chennai,Tamil Nadu,India,13.124247,80.279993,1727
290,Customer_290,167 Example Street,Delhi,Delhi,India,28.684653,77.058903,5436
291,Customer_291,379 Example Street,Delhi,Delhi,India,28.74939,77.078133,11288
292,Customer_292,335 Example Street,Kolkata,West Bengal,India,22.58511,88.35996,23881
293,Customer_293,440 Example Street,Bangalore,Karnataka,India,12.961203,77.616447,32381
294,Customer_294,229 Example Street,Bangalore,Karnataka,India,12.973292,77.566502,18899
295,Customer_295,442 Example Street,Kolkata,West Bengal,India,22.605764,88.328337,35818
296,Customer_296,192 Example Street,Bangalore,Karnataka,India,12.99053,77.617218,10864
297,Customer_297,235 Example Street,Chennai,Tamil Nadu,India,13.101564,80.287205,24620
298,Customer_298,472 Example Street,Delhi,Delhi,India,28.73348,77.103443,33730
299,Customer_299,237 Example Street,Mumbai,Maharashtra,India,19.084911,72.924833,47413
300,Customer_300,180 Example Street,Delhi,Delhi,India,28.682895,77.096786,2810
301,Customer_301,99 Example Street,Delhi,Delhi,India,28.711603,77.091756,10058
302,Customer_302,59 Example Street,Mumbai,Maharashtra,India,19.094941,72.917539,40729
303,Customer_303,488 Example Street,Mumbai,Maharashtra,India,19.03017,72.875823,33867
304,Customer_304,203 Example Street,Bangalore,Karnataka,India,12.999137,77.629816,19524
305,Customer_305,317 Example Street,Chennai,Tamil Nadu,India,13.119858,80.223709,23204
306,Customer_306,302 Example Street,Bangalore,Karnataka,India,12.930698,77.63852,40547
307,Customer_307,379 Example Street,Delhi,Delhi,India,28.711882,77.08443,37001
308,Customer_308,44 Example Street,Delhi,Delhi,India,28.674032,77.11437,39779
309,Customer_309,384 Example Street,Kolkata,West Bengal,India,22.59662,88.34909,18040
310,Customer_310,6 Example Street,Bangalore,Karnataka,India,12.941805,77.548014,26431
311,Customer_311,365 Example Street,Mumbai,Maharashtra,India,19.096318,72.829141,20683
312,Customer_312,223 Example Street,Chennai,Tamil Nadu,India,13.106481,80.270365,37247
313,Customer_313,102 Example Street,Mumbai,Maharashtra,India,19.10281,72.82963,4486
314,Customer_314,99 Example Street,Kolkata,West Bengal,India,22.535497,88.34397,20462
315,Customer_315,64 Example Street,Mumbai,Maharashtra,India,19.076229,72.905439,41273
316,Customer_316,390 Example Street,Kolkata,West Bengal,India,22.567442,88.33488,1456
317,Customer_317,428 Example Street,Delhi,Delhi,India,28.666999,77.135359,2244
318,Customer_318,141 Example Street,Delhi,Delhi,India,28.736463,77.104226,33173
319,Customer_319,310 Example Street,Mumbai,Maharashtra,India,19.026658,72.898961,45094
320,Customer_320,114 Example Street,Mumbai,Maharashtra,India,19.079847,72.852428,42968
321,Customer_321,83 Example Street,Chennai,Tamil Nadu,India,13.081092,80.245471,24606
322,Customer_322,423 Example Street,Mumbai,Maharashtra,India,19.07605,72.840967,16001
323,Customer_323,260 Example Street,Chennai,Tamil Nadu,India,13.047308,80.30327,38312
324,Customer_324,417 Example Street,Delhi,Delhi,India,28.733799,77.081113,28715
325,Customer_325,261 Example Street,Delhi,Delhi,India,28.663869,77.099937,13996
326,Customer_326,490 Example Street,Bangalore,Karnataka,India,13.019353,77.547558,6420
327,Customer_327,413 Example Street,Kolkata,West Bengal,India,22.571893,88.341685,39307
328,Customer_328,140 Example Street,Kolkata,West Bengal,India,22.609261,88.3313,24740
329,Customer_329,366 Example Street,Delhi,Delhi,India,28.656936,77.055879,3962
330,Customer_330,43 Example Street,Kolkata,West Bengal,India,22.570217,88.382789,2984
331,Customer_331,402 Example Street,Delhi,Delhi,India,28.673692,77.103435,44864
332,Customer_332,371 Example Street,Delhi,Delhi,India,28.701446,77.067692,12750
333,Customer_333,215 Example Street,Bangalore,Karnataka,India,12.960112,77.622991,8566
334,Customer_334,63 Example Street,Mumbai,Maharashtra,India,19.047816,72.851836,5950
335,Customer_335,373 Example Street,Chennai,Tamil Nadu,India,13.09383,80.269013,46764
336,Customer_336,249 Example Street,Chennai,Tamil Nadu,India,13.100739,80.276604,5769
337,Customer_337,447 Example Street,Mumbai,Maharashtra,India,19.087671,72.846546,40268
338,Customer_338,21 Example Street,Mumbai,Maharashtra,India,19.118342,72.927361,4875
339,Customer_339,415 Example Street,Mumbai,Maharashtra,India,19.031317,72.844116,35696
340,Customer_340,112 Example Street,Mumbai,Maharashtra,India,19.054627,72.834862,10500
341,Customer_341,28 Example Street,Chennai,Tamil Nadu,India,13.075646,80.231603,8999
342,Customer_342,192 Example Street,Chennai,Tamil Nadu,India,13.087535,80.240288,17612
343,Customer_343,199 Example Street,Delhi,Delhi,India,28.741595,77.073147,22085
344,Customer_344,332 Example Street,Mumbai,Maharashtra,India,19.063834,72.888851,13290
345,Customer_345,128 Example Street,Mumbai,Maharashtra,India,19.117653,72.895543,33334
346,Customer_346,201 Example Street,Delhi,Delhi,India,28.732079,77.105718,46879
347,Customer_347,361 Example Street,Kolkata,West Bengal,India,22.564962,88.368229,22118
348,Customer_348,282 Example Street,Kolkata,West Bengal,India,22.56919,88.373465,49798
349,Customer_349,160 Example Street,Mumbai,Maharashtra,India,19.086296,72.899713,25473
350,Customer_350,368 Example Street,Bangalore,Karnataka,India,12.971697,77.58931,30020
351,Customer_351,268 Example Street,Bangalore,Karnataka,India,12.954352,77.596758,30753
352,Customer_352,464 Example Street,Mumbai,Maharashtra,India,19.113341,72.842762,32936
353,Customer_353,159 Example Street,Kolkata,West Bengal,India,22.527162,88.320838,12627
354,Customer_354,278 Example Street,Delhi,Delhi,India,28.712047,77.097414,42022
355,Customer_355,210 Example Street,Bangalore,Karnataka,India,12.930176,77.558209,15451
356,Customer_356,363 Example Street,Bangalore,Karnataka,India,12.938376,77.566711,31057
357,Customer_357,411 Example Street,Delhi,Delhi,India,28.699658,77.067274,44231
358,Customer_358,63 Example Street,Chennai,Tamil Nadu,India,13.116405,80.273824,41787
359,Customer_359,145 Example Street,Kolkata,West Bengal,India,22.57843,88.370984,27156
360,Customer_360,346 Example Street,Bangalore,Karnataka,India,12.99838,77.589338,8163
361,Customer_361,159 Example Street,Delhi,Delhi,India,28.693551,77.106226,18537
362,Customer_362,264 Example Street,Chennai,Tamil Nadu,India,13.100341,80.29754,17421
363,Customer_363,197 Example Street,Delhi,Delhi,India,28.698034,77.064062,48885
364,Customer_364,212 Example Street,Kolkata,West Bengal,India,22.537634,88.342321,32891
365,Customer_365,95 Example Street,Kolkata,West Bengal,India,22.542673,88.371846,35932
366,Customer_366,85 Example Street,Kolkata,West Bengal,India,22.544767,88.325882,32787
367,Customer_367,239 Example Street,Chennai,Tamil Nadu,India,13.101824,80.303722,2991
368,Customer_368,134 Example Street,Mumbai,Maharashtra,India,19.059028,72.852249,17066
369,Customer_369,221 Example Street,Delhi,Delhi,India,28.721562,77.063034,18163
370,Customer_370,164 Example Street,Chennai,Tamil Nadu,India,13.043194,80.227256,8742
371,Customer_371,147 Example Street,Mumbai,Maharashtra,India,19.068836,72.863858,49576
372,Customer_372,346 Example Street,Kolkata,West Bengal,India,22.56874,88.354204,33974
373,Customer_373,15 Example Street,Kolkata,West Bengal,India,22.549066,88.347548,36819
374,Customer_374,355 Example Street,Chennai,Tamil Nadu,India,13.088978,80.251437,26980
375,Customer_375,63 Example Street,Bangalore,Karnataka,India,12.925789,77.631087,11648
376,Customer_376,61 Example Street,Bangalore,Karnataka,India,12.972803,77.599151,17494
377,Customer_377,299 Example Street,Mumbai,Maharashtra,India,19.041679,72.865675,19331
378,Customer_378,376 Example Street,Bangalore,Karnataka,India,12.995248,77.553656,24688
379,Customer_379,365 Example Street,Bangalore,Karnataka,India,12.97531,77.640219,9603
380,Customer_380,91 Example Street,Chennai,Tamil Nadu,India,13.053452,80.22572,36509
381,Customer_381,335 Example Street,Kolkata,West Bengal,India,22.61327,88.363203,38159
382,Customer_382,342 Example Street,Kolkata,West Bengal,India,22.579572,88.343187,23753
383,Customer_383,343 Example Street,Mumbai,Maharashtra,India,19.046074,72.848496,48538
384,Customer_384,412 Example Street,Mumbai,Maharashtra,India,19.109794,72.917255,20077
385,Customer_385,28 Example Street,Bangalore,Karnataka,India,12.93286,77.634192,48708
386,Customer_386,486 Example Street,Mumbai,Maharashtra,India,19.096943,72.894797,40956
387,Customer_387,374 Example Street,Mumbai,Maharashtra,India,19.073195,72.852454,19324
388,Customer_388,5 Example Street,Mumbai,Maharashtra,India,19.05685,72.88703,17916
389,Customer_389,378 Example Street,Bangalore,Karnataka,India,13.000212,77.613319,36466
390,Customer_390,233 Example Street,Delhi,Delhi,India,28.700172,77.106677,2517
391,Customer_391,328 Example Street,Mumbai,Maharashtra,India,19.047426,72.868003,5982
392,Customer_392,372 Example Street,Bangalore,Karnataka,India,12.99947,77.599945,41835
393,Customer_393,253 Example Street,Delhi,Delhi,India,28.682783,77.147336,26102
394,Customer_394,289 Example Street,Kolkata,West Bengal,India,22.570661,88.400738,34229
395,Customer_395,335 Example Street,Kolkata,West Bengal,India,22.579673,88.372263,17805
396,Customer_396,133 Example Street,Chennai,Tamil Nadu,India,13.0672,80.306702,37512
397,Customer_397,268 Example Street,Delhi,Delhi,India,28.670822,77.141662,40739
398,Customer_398,424 Example Street,Delhi,Delhi,India,28.679945,77.069626,25507
399,Customer_399,445 Example Street,Mumbai,Maharashtra,India,19.066261,72.852372,3120
400,Customer_400,138 Example Street,Kolkata,West Bengal,India,22.528578,88.329332,1972
401,Customer_401,456 Example Street,Chennai,Tamil Nadu,India,13.107957,80.22914,49750
402,Customer_402,385 Example Street,Chennai,Tamil Nadu,India,13.062466,80.293815,18891
403,Customer_403,163 Example Street,Bangalore,Karnataka,India,12.986046,77.628432,30870
404,Customer_404,294 Example Street,Mumbai,Maharashtra,India,19.106057,72.852539,23074
405,Customer_405,423 Example Street,Delhi,Delhi,India,28.714264,77.054537,27652
406,Customer_406,84 Example Street,Bangalore,Karnataka,India,12.949786,77.636073,19343
407,Customer_407,60 Example Street,Kolkata,West Bengal,India,22.558907,88.357237,28732
408,Customer_408,103 Example Street,Bangalore,Karnataka,India,12.922592,77.612808,28198
409,Customer_409,294 Example Street,Chennai,Tamil Nadu,India,13.082837,80.286315,16615
410,Customer_410,49 Example Street,Delhi,Delhi,India,28.67957,77.072511,2645
411,Customer_411,42 Example Street,Kolkata,West Bengal,India,22.547722,88.328005,46524
412,Customer_412,113 Example Street,Bangalore,Karnataka,India,12.973781,77.584141,43775
413,Customer_413,499 Example Street,Bangalore,Karnataka,India,12.981927,77.558439,22395
414,Customer_414,170 Example Street,Kolkata,West Bengal,India,22.61877,88.411989,7120
415,Customer_415,214 Example Street,Chennai,Tamil Nadu,India,13.079156,80.240647,28619
416,Customer_416,195 Example Street,Kolkata,West Bengal,India,22.56106,88.382714,32141
417,Customer_417,216 Example Street,Chennai,Tamil Nadu,India,13.131073,80.277285,30841
418,Customer_418,318 Example Street,Chennai,Tamil Nadu,India,13.043499,80.228756,8035
419,Customer_419,40 Example Street,Bangalore,Karnataka,India,12.988564,77.56327,38550
420,Customer_420,415 Example Street,Bangalore,Karnataka,India,12.928748,77.624909,22713
421,Customer_421,229 Example Street,Chennai,Tamil Nadu,India,13.097429,80.282188,6023
422,Customer_422,438 Example Street,Kolkata,West Bengal,India,22.536438,88.372272,6726
423,Customer_423,373 Example Street,Delhi,Delhi,India,28.656437,77.058287,11745
424,Customer_424,254 Example Street,Kolkata,West Bengal,India,22.533947,88.34135,42459
425,Customer_425,401 Example Street,Chennai,Tamil Nadu,India,13.108029,80.278902,18633
426,Customer_426,450 Example Street,Kolkata,West Bengal,India,22.602968,88.380052,9471
427,Customer_427,18 Example Street,Delhi,Delhi,India,28.70569,77.141075,35890
428,Customer_428,367 Example Street,Mumbai,Maharashtra,India,19.069225,72.912709,33573
429,Customer_429,462 Example Street,Chennai,Tamil Nadu,India,13.073389,80.298279,16517
430,Customer_430,358 Example Street,Mumbai,Maharashtra,India,19.045934,72.877456,35176
431,Customer_431,372 Example Street,Delhi,Delhi,India,28.709998,77.065895,4255
432,Customer_432,82 Example Street,Kolkata,West Bengal,India,22.531876,88.354836,18430
433,Customer_433,252 Example Street,Delhi,Delhi,India,28.73496,77.079398,26168
434,Customer_434,378 Example Street,Mumbai,Maharashtra,India,19.026319,72.871001,37410
435,Customer_435,232 Example Street,Delhi,Delhi,India,28.657501,77.133675,36504
436,Customer_436,459 Example Street,Bangalore,Karnataka,India,12.926941,77.598528,40054
437,Customer_437,350 Example Street,Chennai,Tamil Nadu,India,13.081796,80.306991,31999
438,Customer_438,347 Example Street,Bangalore,Karnataka,India,12.964868,77.585736,6186
439,Customer_439,452 Example Street,Delhi,Delhi,India,28.655236,77.137981,9346
440,Customer_440,265 Example Street,Bangalore,Karnataka,India,13.00187,77.622491,24534
441,Customer_441,118 Example Street,Delhi,Delhi,India,28.705537,77.07158,17631
442,Customer_442,344 Example Street,Delhi,Delhi,India,28.701956,77.106724,5388
443,Customer_443,157 Example Street,Chennai,Tamil Nadu,India,13.070563,80.221053,48699
444,Customer_444,168 Example Street,Kolkata,West Bengal,India,22.534837,88.320592,26421
445,Customer_445,63 Example Street,Bangalore,Karnataka,India,12.929176,77.550638,33177
446,Customer_446,210 Example Street,Delhi,Delhi,India,28.739591,77.110414,23664
447,Customer_447,374 Example Street,Kolkata,West Bengal,India,22.583271,88.371907,36404
448,Customer_448,220 Example Street,Mumbai,Maharashtra,India,19.049476,72.921322,2242
449,Customer_449,138 Example Street,Kolkata,West Bengal,India,22.523776,88.378088,39614
450,Customer_450,100 Example Street,Kolkata,West Bengal,India,22.52359,88.413018,42531
451,Customer_451,81 Example Street,Delhi,Delhi,India,28.665586,77.063611,24408
452,Customer_452,394 Example Street,Kolkata,West Bengal,India,22.621414,88.40695,22558
453,Customer_453,472 Example Street,Bangalore,Karnataka,India,12.946736,77.553807,28961
454,Customer_454,341 Example Street,Delhi,Delhi,India,28.701189,77.067874,16828
455,Customer_455,157 Example Street,Bangalore,Karnataka,India,12.976534,77.606694,24027
456,Customer_456,289 Example Street,Kolkata,West Bengal,India,22.598728,88.348652,14605
457,Customer_457,160 Example Street,Delhi,Delhi,India,28.701249,77.122887,31623
458,Customer_458,167 Example Street,Chennai,Tamil Nadu,India,13.054671,80.316761,42483
459,Customer_459,497 Example Street,Chennai,Tamil Nadu,India,13.047677,80.274643,22377
460,Customer_460,102 Example Street,Kolkata,West Bengal,India,22.555533,88.394694,18294
461,Customer_461,119 Example Street,Mumbai,Maharashtra,India,19.030491,72.895241,8059
462,Customer_462,63 Example Street,Kolkata,West Bengal,India,22.591244,88.317075,2586
463,Customer_463,478 Example Street,Kolkata,West Bengal,India,22.595372,88.404604,15087
464,Customer_464,164 Example Street,Mumbai,Maharashtra,India,19.097809,72.862585,28900
465,Customer_465,359 Example Street,Kolkata,West Bengal,India,22.528313,88.351764,12480
466,Customer_466,498 Example Street,Kolkata,West Bengal,India,22.577956,88.343565,43342
467,Customer_467,99 Example Street,Bangalore,Karnataka,India,12.970171,77.583936,44803
468,Customer_468,481 Example Street,Chennai,Tamil Nadu,India,13.07348,80.283058,6580
469,Customer_469,158 Example Street,Chennai,Tamil Nadu,India,13.118424,80.315957,16152
470,Customer_470,59 Example Street,Delhi,Delhi,India,28.730426,77.137667,33600
471,Customer_471,122 Example Street,Mumbai,Maharashtra,India,19.037575,72.843368,21918
472,Customer_472,147 Example Street,Delhi,Delhi,India,28.732374,77.108639,46854
473,Customer_473,454 Example Street,Bangalore,Karnataka,India,12.983473,77.548426,27667
474,Customer_474,153 Example Street,Bangalore,Karnataka,India,12.993811,77.606324,20772
475,Customer_475,97 Example Street,Delhi,Delhi,India,28.673291,77.144741,23004
476,Customer_476,180 Example Street,Mumbai,Maharashtra,India,19.046089,72.919883,15908
477,Customer_477,487 Example Street,Bangalore,Karnataka,India,13.000182,77.584335,18807
478,Customer_478,72 Example Street,Bangalore,Karnataka,India,12.981631,77.576133,5697
479,Customer_479,244 Example Street,Chennai,Tamil Nadu,India,13.036639,80.294615,7529
480,Customer_480,111 Example Street,Kolkata,West Bengal,India,22.584927,88.403043,41506
481,Customer_481,464 Example Street,Kolkata,West Bengal,India,22.55974,88.410124,21001
482,Customer_482,346 Example Street,Chennai,Tamil Nadu,India,13.095743,80.247287,42464
483,Customer_483,16 Example Street,Delhi,Delhi,India,28.67476,77.093846,17831
484,Customer_484,372 Example Street,Kolkata,West Bengal,India,22.527743,88.385886,9479
485,Customer_485,260 Example Street,Kolkata,West Bengal,India,22.591601,88.412044,6005
486,Customer_486,22 Example Street,Mumbai,Maharashtra,India,19.064717,72.830017,4014
487,Customer_487,383 Example Street,Kolkata,West Bengal,India,22.58739,88.35907,31123
488,Customer_488,272 Example Street,Kolkata,West Bengal,India,22.603729,88.344583,4878
489,Customer_489,287 Example Street,Bangalore,Karnataka,India,13.020916,77.604629,7131
490,Customer_490,71 Example Street,Chennai,Tamil Nadu,India,13.065927,80.292623,33914
491,Customer_491,114 Example Street,Bangalore,Karnataka,India,12.950704,77.592361,31767
492,Customer_492,408 Example Street,Delhi,Delhi,India,28.710393,77.14398,30931
493,Customer_493,143 Example Street,Delhi,Delhi,India,28.677501,77.121463,22576
494,Customer_494,380 Example Street,Delhi,Delhi,India,28.683228,77.075372,24351
495,Customer_495,4 Example Street,Delhi,Delhi,India,28.69291,77.106979,41245
496,Customer_496,302 Example Street,Kolkata,West Bengal,India,22.537266,88.346452,10935
497,Customer_497,328 Example Street,Mumbai,Maharashtra,India,19.048657,72.849299,18284
498,Customer_498,256 Example Street,Chennai,Tamil Nadu,India,13.105182,80.274476,40485
499,Customer_499,337 Example Street,Kolkata,West Bengal,India,22.526354,88.340296,1729
500,Customer_500,257 Example Street,Delhi,Delhi,India,28.747046,77.129451,31299
501,Customer_501,333 Example Street,Bangalore,Karnataka,India,13.018692,77.555303,13013
502,Customer_502,194 Example Street,Kolkata,West Bengal,India,22.602722,88.404533,17307
503,Customer_503,410 Example Street,Bangalore,Karnataka,India,12.961714,77.57112,16504
504,Customer_504,463 Example Street,Delhi,Delhi,India,28.674043,77.130464,8534
505,Customer_505,96 Example Street,Chennai,Tamil Nadu,India,13.08505,80.232895,1003
506,Customer_506,307 Example Street,Kolkata,West Bengal,India,22.615879,88.326086,20993
507,Customer_507,476 Example Street,Mumbai,Maharashtra,India,19.055479,72.866912,3641
508,Customer_508,150 Example Street,Chennai,Tamil Nadu,India,13.076816,80.299223,6271
509,Customer_509,230 Example Street,Delhi,Delhi,India,28.735359,77.107187,30142
510,Customer_510,30 Example Street,Delhi,Delhi,India,28.709295,77.061491,28890
511,Customer_511,159 Example Street,Kolkata,West Bengal,India,22.589564,88.384289,38606
512,Customer_512,213 Example Street,Bangalore,Karnataka,India,12.933214,77.606313,47409
513,Customer_513,201 Example Street,Bangalore,Karnataka,India,12.990535,77.60184,33237
514,Customer_514,477 Example Street,Mumbai,Maharashtra,India,19.097137,72.864946,33091
515,Customer_515,193 Example Street,Delhi,Delhi,India,28.716313,77.115757,38426
516,Customer_516,196 Example Street,Delhi,Delhi,India,28.731307,77.116735,37808
517,Customer_517,56 Example Street,Bangalore,Karnataka,India,12.986039,77.594315,39091
518,Customer_518,23 Example Street,Delhi,Delhi,India,28.676801,77.080597,1604
519,Customer_519,256 Example Street,Mumbai,Maharashtra,India,19.098034,72.863392,16906
520,Customer_520,27 Example Street,Bangalore,Karnataka,India,12.961489,77.55177,32168
521,Customer_521,106 Example Street,Bangalore,Karnataka,India,12.989136,77.623457,7225
522,Customer_522,1 Example Street,Delhi,Delhi,India,28.702134,77.077393,39100
523,Customer_523,500 Example Street,Bangalore,Karnataka,India,13.005965,77.634473,9952
524,Customer_524,286 Example Street,Delhi,Delhi,India,28.706721,77.14323,16577
525,Customer_525,479 Example Street,Delhi,Delhi,India,28.701653,77.127372,1937
526,Customer_526,492 Example Street,Kolkata,West Bengal,India,22.57161,88.355103,24913
527,Customer_527,348 Example Street,Mumbai,Maharashtra,India,19.064808,72.831897,27545
528,Customer_528,159 Example Street,Bangalore,Karnataka,India,12.957896,77.595616,12466
529,Customer_529,470 Example Street,Chennai,Tamil Nadu,India,13.090352,80.264482,40592
530,Customer_530,239 Example Street,Bangalore,Karnataka,India,12.92966,77.620721,11161
531,Customer_531,163 Example Street,Mumbai,Maharashtra,India,19.063843,72.90044,30896
532,Customer_532,253 Example Street,Mumbai,Maharashtra,India,19.054302,72.866083,22581
533,Customer_533,351 Example Street,Kolkata,West Bengal,India,22.529996,88.3578,5098
534,Customer_534,328 Example Street,Kolkata,West Bengal,India,22.610193,88.361528,36075
535,Customer_535,382 Example Street,Kolkata,West Bengal,India,22.594326,88.364785,14426
536,Customer_536,197 Example Street,Kolkata,West Bengal,India,22.553509,88.389437,22175
537,Customer_537,261 Example Street,Chennai,Tamil Nadu,India,13.093726,80.256893,29343
538,Customer_538,52 Example Street,Delhi,Delhi,India,28.692474,77.087395,5057
539,Customer_539,66 Example Street,Kolkata,West Bengal,India,22.525713,88.352037,16665
540,Customer_540,22 Example Street,Bangalore,Karnataka,India,13.000383,77.598612,10630
541,Customer_541,180 Example Street,Delhi,Delhi,India,28.696391,77.109391,25889
542,Customer_542,77 Example Street,Chennai,Tamil Nadu,India,13.118391,80.262768,29975
543,Customer_543,83 Example Street,Chennai,Tamil Nadu,India,13.11024,80.227628,2409
544,Customer_544,391 Example Street,Delhi,Delhi,India,28.753602,77.075862,35550
545,Customer_545,294 Example Street,Delhi,Delhi,India,28.71304,77.15196,32454
546,Customer_546,372 Example Street,Bangalore,Karnataka,India,12.935678,77.610571,3677
547,Customer_547,236 Example Street,Bangalore,Karnataka,India,12.944688,77.613279,40256
548,Customer_548,455 Example Street,Bangalore,Karnataka,India,12.922836,77.59587,36633
549,Customer_549,446 Example Street,Chennai,Tamil Nadu,India,13.117028,80.314719,22680
550,Customer_550,331 Example Street,Chennai,Tamil Nadu,India,13.09131,80.298886,34425
551,Customer_551,84 Example Street,Kolkata,West Bengal,India,22.607609,88.320732,7200
552,Customer_552,303 Example Street,Kolkata,West Bengal,India,22.606459,88.360217,1006
553,Customer_553,393 Example Street,Mumbai,Maharashtra,India,19.0565,72.839182,45474
554,Customer_554,49 Example Street,Delhi,Delhi,India,28.664079,77.111081,46172
555,Customer_555,27 Example Street,Mumbai,Maharashtra,India,19.064994,72.893369,16033
556,Customer_556,246 Example Street,Kolkata,West Bengal,India,22.582888,88.344069,7672
557,Customer_557,214 Example Street,Mumbai,Maharashtra,India,19.0605,72.922494,10292
558,Customer_558,98 Example Street,Chennai,Tamil Nadu,India,13.06063,80.257916,12861
559,Customer_559,206 Example Street,Chennai,Tamil Nadu,India,13.0401,80.310734,34768
560,Customer_560,409 Example Street,Chennai,Tamil Nadu,India,13.092993,80.226571,42312
561,Customer_561,148 Example Street,Kolkata,West Bengal,India,22.603108,88.356208,15543
562,Customer_562,331 Example Street,Bangalore,Karnataka,India,12.930686,77.578084,45767
563,Customer_563,348 Example Street,Chennai,Tamil Nadu,India,13.089151,80.234805,46887
564,Customer_564,75 Example Street,Bangalore,Karnataka,India,12.947966,77.644052,19977
565,Customer_565,311 Example Street,Bangalore,Karnataka,India,12.986478,77.615403,48013
566,Customer_566,395 Example Street,Bangalore,Karnataka,India,12.936459,77.614713,19592
567,Customer_567,145 Example Street,Chennai,Tamil Nadu,India,13.073322,80.296351,46241
568,Customer_568,137 Example Street,Delhi,Delhi,India,28.726658,77.144269,10038
569,Customer_569,86 Example Street,Kolkata,West Bengal,India,22.601874,88.339291,47498
570,Customer_570,117 Example Street,Mumbai,Maharashtra,India,19.066908,72.926104,48389
571,Customer_571,37 Example Street,Bangalore,Karnataka,India,12.993925,77.633031,40410
572,Customer_572,263 Example Street,Delhi,Delhi,India,28.719849,77.056262,11296
573,Customer_573,487 Example Street,Bangalore,Karnataka,India,12.948872,77.592596,7812
574,Customer_574,220 Example Street,Delhi,Delhi,India,28.69944,77.090509,29235
575,Customer_575,268 Example Street,Bangalore,Karnataka,India,13.009932,77.548784,44328
576,Customer_576,404 Example Street,Bangalore,Karnataka,India,13.014726,77.570897,36532
577,Customer_577,164 Example Street,Chennai,Tamil Nadu,India,13.094741,80.240559,9388
578,Customer_578,241 Example Street,Delhi,Delhi,India,28.732904,77.111254,6404
579,Customer_579,182 Example Street,Chennai,Tamil Nadu,India,13.075311,80.285619,42861
580,Customer_580,21 Example Street,Delhi,Delhi,India,28.718522,77.121182,39340
581,Customer_581,224 Example Street,Delhi,Delhi,India,28.735893,77.111841,46455
582,Customer_582,136 Example Street,Mumbai,Maharashtra,India,19.107373,72.927398,3658
583,Customer_583,77 Example Street,Bangalore,Karnataka,India,12.96844,77.630786,22869
584,Customer_584,222 Example Street,Chennai,Tamil Nadu,India,13.064473,80.274276,16498
585,Customer_585,189 Example Street,Bangalore,Karnataka,India,13.010158,77.564542,31929
586,Customer_586,158 Example Street,Mumbai,Maharashtra,India,19.052073,72.923053,44789
587,Customer_587,93 Example Street,Chennai,Tamil Nadu,India,13.089203,80.226272,41791
588,Customer_588,26 Example Street,Kolkata,West Bengal,India,22.61377,88.413706,16495
589,Customer_589,71 Example Street,Kolkata,West Bengal,India,22.562378,88.37664,33745
590,Customer_590,164 Example Street,Kolkata,West Bengal,India,22.533187,88.378797,16907
591,Customer_591,2 Example Street,Kolkata,West Bengal,India,22.56444,88.38248,11261
592,Customer_592,311 Example Street,Bangalore,Karnataka,India,12.938344,77.624572,35086
593,Customer_593,448 Example Street,Kolkata,West Bengal,India,22.580327,88.368338,43797
594,Customer_594,386 Example Street,Kolkata,West Bengal,India,22.584246,88.410479,1141
595,Customer_595,54 Example Street,Bangalore,Karnataka,India,12.978219,77.590111,43408
596,Customer_596,248 Example Street,Mumbai,Maharashtra,India,19.109689,72.905255,33736
597,Customer_597,163 Example Street,Mumbai,Maharashtra,India,19.072654,72.869307,30962
598,Customer_598,37 Example Street,Mumbai,Maharashtra,India,19.030481,72.879326,45259
599,Customer_599,480 Example Street,Delhi,Delhi,India,28.68998,77.05922,35099
600,Customer_600,270 Example Street,Chennai,Tamil Nadu,India,13.058194,80.235555,24711
601,Customer_601,108 Example Street,Delhi,Delhi,India,28.705626,77.08143,26724
602,Customer_602,381 Example Street,Kolkata,West Bengal,India,22.531096,88.374731,8979
603,Customer_603,459 Example Street,Mumbai,Maharashtra,India,19.067586,72.875613,13608
604,Customer_604,309 Example Street,Bangalore,Karnataka,India,13.010408,77.639774,40280
605,Customer_605,26 Example Street,Mumbai,Maharashtra,India,19.074457,72.920101,4002
606,Customer_606,313 Example Street,Kolkata,West Bengal,India,22.622245,88.315766,46036
607,Customer_607,254 Example Street,Kolkata,West Bengal,India,22.601624,88.364563,37150
608,Customer_608,88 Example Street,Delhi,Delhi,India,28.675693,77.075028,43275
609,Customer_609,105 Example Street,Kolkata,West Bengal,India,22.52964,88.353867,28006
610,Customer_610,33 Example Street,Kolkata,West Bengal,India,22.580772,88.405335,17391
611,Customer_611,120 Example Street,Mumbai,Maharashtra,India,19.093103,72.881332,27264
612,Customer_612,162 Example Street,Kolkata,West Bengal,India,22.610548,88.3491,14966
613,Customer_613,193 Example Street,Chennai,Tamil Nadu,India,13.115015,80.234376,27875
614,Customer_614,293 Example Street,Mumbai,Maharashtra,India,19.084591,72.837444,39954
615,Customer_615,112 Example Street,Chennai,Tamil Nadu,India,13.115974,80.271421,42864
616,Customer_616,28 Example Street,Kolkata,West Bengal,India,22.567754,88.380537,2150
617,Customer_617,398 Example Street,Kolkata,West Bengal,India,22.564701,88.389252,42128
618,Customer_618,471 Example Street,Mumbai,Maharashtra,India,19.08679,72.922154,40703
619,Customer_619,165 Example Street,Kolkata,West Bengal,India,22.546754,88.32904,28233
620,Customer_620,16 Example Street,Chennai,Tamil Nadu,India,13.097987,80.224222,13806
621,Customer_621,265 Example Street,Kolkata,West Bengal,India,22.548336,88.376508,46428
622,Customer_622,79 Example Street,Delhi,Delhi,India,28.732457,77.068811,4728
623,Customer_623,234 Example Street,Mumbai,Maharashtra,India,19.114165,72.834828,42784
624,Customer_624,109 Example Street,Kolkata,West Bengal,India,22.592301,88.36499,27229
625,Customer_625,313 Example Street,Delhi,Delhi,India,28.707918,77.10211,44322
626,Customer_626,90 Example Street,Mumbai,Maharashtra,India,19.032538,72.902979,11879
627,Customer_627,238 Example Street,Kolkata,West Bengal,India,22.567226,88.387793,28198
628,Customer_628,194 Example Street,Bangalore,Karnataka,India,12.93183,77.61297,15156
629,Customer_629,204 Example Street,Bangalore,Karnataka,India,12.952267,77.604541,19247
630,Customer_630,86 Example Street,Bangalore,Karnataka,India,12.95544,77.559849,33138
631,Customer_631,281 Example Street,Chennai,Tamil Nadu,India,13.108208,80.273729,2043
632,Customer_632,397 Example Street,Bangalore,Karnataka,India,12.995565,77.560943,14307
633,Customer_633,341 Example Street,Delhi,Delhi,India,28.753534,77.109404,12016
634,Customer_634,223 Example Street,Bangalore,Karnataka,India,13.001551,77.573942,4525
635,Customer_635,177 Example Street,Chennai,Tamil Nadu,India,13.044339,80.232889,15340
636,Customer_636,46 Example Street,Chennai,Tamil Nadu,India,13.058659,80.242865,38648
637,Customer_637,35 Example Street,Bangalore,Karnataka,India,13.019013,77.570966,16351
638,Customer_638,198 Example Street,Chennai,Tamil Nadu,India,13.109323,80.256304,42974
639,Customer_639,304 Example Street,Delhi,Delhi,India,28.673877,77.054555,13190
640,Customer_640,438 Example Street,Bangalore,Karnataka,India,12.937655,77.577652,38638
641,Customer_641,85 Example Street,Kolkata,West Bengal,India,22.537281,88.360968,31423
642,Customer_642,186 Example Street,Chennai,Tamil Nadu,India,13.086174,80.23942,7637
643,Customer_643,351 Example Street,Delhi,Delhi,India,28.727801,77.078939,44345
644,Customer_644,92 Example Street,Mumbai,Maharashtra,India,19.070259,72.896105,24340
645,Customer_645,106 Example Street,Bangalore,Karnataka,India,12.92698,77.581895,18743
646,Customer_646,50 Example Street,Kolkata,West Bengal,India,22.526235,88.400485,22564
647,Customer_647,238 Example Street,Bangalore,Karnataka,India,12.923068,77.632263,9857
648,Customer_648,123 Example Street,Chennai,Tamil Nadu,India,13.091921,80.310015,31646
649,Customer_649,497 Example Street,Bangalore,Karnataka,India,13.003267,77.609588,12259
650,Customer_650,337 Example Street,Delhi,Delhi,India,28.663121,77.096514,7060
651,Customer_651,391 Example Street,Mumbai,Maharashtra,India,19.053771,72.908536,40044
652,Customer_652,423 Example Street,Mumbai,Maharashtra,India,19.105859,72.878197,35504
653,Customer_653,251 Example Street,Delhi,Delhi,India,28.742604,77.078399,26009
654,Customer_654,203 Example Street,Bangalore,Karnataka,India,12.932016,77.57501,34991
655,Customer_655,153 Example Street,Delhi,Delhi,India,28.732295,77.131934,16518
656,Customer_656,49 Example Street,Delhi,Delhi,India,28.747527,77.111199,19074
657,Customer_657,383 Example Street,Chennai,Tamil Nadu,India,13.068106,80.263793,8347
658,Customer_658,240 Example Street,Mumbai,Maharashtra,India,19.05825,72.835439,8205
659,Customer_659,348 Example Street,Bangalore,Karnataka,India,12.967558,77.637041,22735
660,Customer_660,387 Example Street,Mumbai,Maharashtra,India,19.043084,72.836402,13416
661,Customer_661,341 Example Street,Mumbai,Maharashtra,India,19.108216,72.85438,31980
662,Customer_662,342 Example Street,Mumbai,Maharashtra,India,19.039318,72.921738,12893
663,Customer_663,433 Example Street,Kolkata,West Bengal,India,22.526252,88.387818,7617
664,Customer_664,90 Example Street,Delhi,Delhi,India,28.700193,77.09746,20816
665,Customer_665,275 Example Street,Bangalore,Karnataka,India,13.02128,77.559668,43708
666,Customer_666,228 Example Street,Bangalore,Karnataka,India,13.006547,77.622838,21015
667,Customer_667,466 Example Street,Kolkata,West Bengal,India,22.579153,88.347511,5421
668,Customer_668,293 Example Street,Bangalore,Karnataka,India,12.997082,77.57209,15017
669,Customer_669,482 Example Street,Chennai,Tamil Nadu,India,13.128523,80.310908,2870
670,Customer_670,435 Example Street,Chennai,Tamil Nadu,India,13.116689,80.283771,39718
671,Customer_671,200 Example Street,Chennai,Tamil Nadu,India,13.049919,80.236193,10931
672,Customer_672,49 Example Street,Chennai,Tamil Nadu,India,13.078006,80.300838,23668
673,Customer_673,431 Example Street,Bangalore,Karnataka,India,12.9418,77.572838,35619
674,Customer_674,103 Example Street,Kolkata,West Bengal,India,22.557756,88.365318,30292
675,Customer_675,118 Example Street,Delhi,Delhi,India,28.733142,77.092217,41110
676,Customer_676,249 Example Street,Delhi,Delhi,India,28.682085,77.120466,14621
677,Customer_677,204 Example Street,Bangalore,Karnataka,India,12.95742,77.626232,13838
678,Customer_678,256 Example Street,Kolkata,West Bengal,India,22.619573,88.395723,44452
679,Customer_679,131 Example Street,Mumbai,Maharashtra,India,19.11425,72.889427,37282
680,Customer_680,303 Example Street,Mumbai,Maharashtra,India,19.059327,72.869924,29015
681,Customer_681,488 Example Street,Mumbai,Maharashtra,India,19.058426,72.926796,37342
682,Customer_682,121 Example Street,Delhi,Delhi,India,28.712048,77.097834,8679
683,Customer_683,287 Example Street,Mumbai,Maharashtra,India,19.093488,72.905037,10920
684,Customer_684,420 Example Street,Mumbai,Maharashtra,India,19.112374,72.921693,43017
685,Customer_685,134 Example Street,Delhi,Delhi,India,28.709187,77.102389,43613
686,Customer_686,203 Example Street,Delhi,Delhi,India,28.679664,77.07446,19508
687,Customer_687,108 Example Street,Kolkata,West Bengal,India,22.532264,88.38228,22078
688,Customer_688,481 Example Street,Bangalore,Karnataka,India,12.936145,77.591396,2606
689,Customer_689,64 Example Street,Delhi,Delhi,India,28.717504,77.070658,40806
690,Customer_690,458 Example Street,Bangalore,Karnataka,India,13.017451,77.595889,16224
691,Customer_691,196 Example Street,Delhi,Delhi,India,28.751607,77.061767,27551
692,Customer_692,455 Example Street,Delhi,Delhi,India,28.676897,77.092934,40364
693,Customer_693,446 Example Street,Mumbai,Maharashtra,India,19.0485,72.908995,3350
694,Customer_694,291 Example Street,Kolkata,West Bengal,India,22.543744,88.401357,14319
695,Customer_695,84 Example Street,Bangalore,Karnataka,India,12.967937,77.618813,15415
696,Customer_696,279 Example Street,Bangalore,Karnataka,India,12.934288,77.642698,35191
697,Customer_697,332 Example Street,Kolkata,West Bengal,India,22.56968,88.337159,44034
698,Customer_698,449 Example Street,Delhi,Delhi,India,28.738002,77.10263,16930
699,Customer_699,277 Example Street,Chennai,Tamil Nadu,India,13.039146,80.274521,5377
700,Customer_700,262 Example Street,Kolkata,West Bengal,India,22.533198,88.404679,23907
701,Customer_701,464 Example Street,Mumbai,Maharashtra,India,19.038338,72.889632,33942
702,Customer_702,443 Example Street,Delhi,Delhi,India,28.66959,77.0558,29170
703,Customer_703,142 Example Street,Mumbai,Maharashtra,India,19.059614,72.886734,38452
704,Customer_704,221 Example Street,Kolkata,West Bengal,India,22.534928,88.393878,24229
705,Customer_705,186 Example Street,Delhi,Delhi,India,28.722156,77.150581,24505
706,Customer_706,200 Example Street,Chennai,Tamil Nadu,India,13.117139,80.262999,30168
707,Customer_707,170 Example Street,Kolkata,West Bengal,India,22.524721,88.39459,45373
708,Customer_708,444 Example Street,Bangalore,Karnataka,India,12.998546,77.61835,39115
709,Customer_709,26 Example Street,Chennai,Tamil Nadu,India,13.068624,80.277582,19563
710,Customer_710,28 Example Street,Bangalore,Karnataka,India,12.94289,77.644219,44339
711,Customer_711,418 Example Street,Kolkata,West Bengal,India,22.544456,88.338293,46590
712,Customer_712,350 Example Street,Delhi,Delhi,India,28.74801,77.146489,16704
713,Customer_713,114 Example Street,Kolkata,West Bengal,India,22.546845,88.331934,30882
714,Customer_714,67 Example Street,Mumbai,Maharashtra,India,19.077907,72.897477,39261
715,Customer_715,391 Example Street,Chennai,Tamil Nadu,India,13.07633,80.305315,12198
716,Customer_716,2 Example Street,Bangalore,Karnataka,India,12.963729,77.561115,20875
717,Customer_717,46 Example Street,Kolkata,West Bengal,India,22.558149,88.363017,27257
718,Customer_718,491 Example Street,Delhi,Delhi,India,28.664784,77.104968,24186
719,Customer_719,285 Example Street,Delhi,Delhi,India,28.659212,77.06178,30731
720,Customer_720,83 Example Street,Kolkata,West Bengal,India,22.526272,88.38705,14642
721,Customer_721,286 Example Street,Bangalore,Karnataka,India,12.956619,77.591722,46287
722,Customer_722,43 Example Street,Kolkata,West Bengal,India,22.619621,88.322495,46985
723,Customer_723,236 Example Street,Kolkata,West Bengal,India,22.52486,88.325588,10508
724,Customer_724,21 Example Street,Kolkata,West Bengal,India,22.573003,88.405276,9166
725,Customer_725,320 Example Street,Mumbai,Maharashtra,India,19.04413,72.921656,4683
726,Customer_726,427 Example Street,Bangalore,Karnataka,India,12.990113,77.62159,25239
727,Customer_727,5 Example Street,Kolkata,West Bengal,India,22.540918,88.333612,41632
728,Customer_728,433 Example Street,Chennai,Tamil Nadu,India,13.094194,80.281734,10120
729,Customer_729,25 Example Street,Kolkata,West Bengal,India,22.57708,88.389522,34737
730,Customer_730,485 Example Street,Chennai,Tamil Nadu,India,13.065082,80.292539,45012
731,Customer_731,500 Example Street,Mumbai,Maharashtra,India,19.080345,72.926989,15348
732,Customer_732,43 Example Street,Kolkata,West Bengal,India,22.564031,88.319835,20549
733,Customer_733,30 Example Street,Chennai,Tamil Nadu,India,13.036273,80.262726,32242
734,Customer_734,245 Example Street,Mumbai,Maharashtra,India,19.049265,72.885756,28177
735,Customer_735,274 Example Street,Bangalore,Karnataka,India,13.005196,77.590297,42561
736,Customer_736,220 Example Street,Mumbai,Maharashtra,India,19.076937,72.917229,31498
737,Customer_737,422 Example Street,Delhi,Delhi,India,28.6602,77.079456,48013
738,Customer_738,143 Example Street,Delhi,Delhi,India,28.750803,77.13473,12204
739,Customer_739,307 Example Street,Mumbai,Maharashtra,India,19.056725,72.838719,30531
740,Customer_740,99 Example Street,Delhi,Delhi,India,28.655046,77.056796,11491
741,Customer_741,172 Example Street,Delhi,Delhi,India,28.742111,77.088213,21988
742,Customer_742,281 Example Street,Bangalore,Karnataka,India,12.978394,77.558692,48831
743,Customer_743,373 Example Street,Bangalore,Karnataka,India,13.013378,77.59064,35427
744,Customer_744,475 Example Street,Chennai,Tamil Nadu,India,13.071041,80.305223,18849
745,Customer_745,284 Example Street,Kolkata,West Bengal,India,22.61861,88.368852,48733
746,Customer_746,224 Example Street,Bangalore,Karnataka,India,12.981756,77.643058,18371
747,Customer_747,33 Example Street,Bangalore,Karnataka,India,12.970091,77.57171,5637
748,Customer_748,286 Example Street,Delhi,Delhi,India,28.697996,77.067991,17287
749,Customer_749,379 Example Street,Chennai,Tamil Nadu,India,13.114434,80.252519,46965
750,Customer_750,112 Example Street,Mumbai,Maharashtra,India,19.095702,72.88063,2168
751,Customer_751,133 Example Street,Mumbai,Maharashtra,India,19.098264,72.848888,2999
752,Customer_752,428 Example Street,Mumbai,Maharashtra,India,19.077007,72.858401,30185
753,Customer_753,268 Example Street,Chennai,Tamil Nadu,India,13.108073,80.253986,38779
754,Customer_754,236 Example Street,Mumbai,Maharashtra,India,19.026576,72.871643,43582
755,Customer_755,441 Example Street,Bangalore,Karnataka,India,12.940262,77.609299,48883
756,Customer_756,66 Example Street,Mumbai,Maharashtra,India,19.051451,72.832858,35576
757,Customer_757,439 Example Street,Bangalore,Karnataka,India,12.929684,77.601121,44304
758,Customer_758,493 Example Street,Kolkata,West Bengal,India,22.589396,88.361135,37659
759,Customer_759,338 Example Street,Kolkata,West Bengal,India,22.532711,88.346231,4129
760,Customer_760,412 Example Street,Kolkata,West Bengal,India,22.538871,88.345822,14187
761,Customer_761,178 Example Street,Chennai,Tamil Nadu,India,13.042555,80.24617,23968
762,Customer_762,486 Example Street,Bangalore,Karnataka,India,13.009939,77.63379,23361
763,Customer_763,74 Example Street,Delhi,Delhi,India,28.749839,77.063864,25370
764,Customer_764,353 Example Street,Mumbai,Maharashtra,India,19.096333,72.87276,15012
765,Customer_765,43 Example Street,Chennai,Tamil Nadu,India,13.075296,80.231961,38515
766,Customer_766,478 Example Street,Mumbai,Maharashtra,India,19.036372,72.906192,41196
767,Customer_767,165 Example Street,Mumbai,Maharashtra,India,19.111536,72.84418,17781
768,Customer_768,336 Example Street,Delhi,Delhi,India,28.686178,77.060363,10983
769,Customer_769,377 Example Street,Bangalore,Karnataka,India,13.015247,77.612952,24458
770,Customer_770,307 Example Street,Chennai,Tamil Nadu,India,13.058771,80.267342,27588
771,Customer_771,224 Example Street,Chennai,Tamil Nadu,India,13.110621,80.254534,32038
772,Customer_772,317 Example Street,Mumbai,Maharashtra,India,19.08454,72.882397,44236
773,Customer_773,39 Example Street,Kolkata,West Bengal,India,22.545218,88.399071,37909
774,Customer_774,352 Example Street,Kolkata,West Bengal,India,22.552928,88.374617,9536
775,Customer_775,189 Example Street,Delhi,Delhi,India,28.739168,77.148224,24345
776,Customer_776,219 Example Street,Bangalore,Karnataka,India,12.992117,77.565224,13876
777,Customer_777,124 Example Street,Kolkata,West Bengal,India,22.55386,88.371897,33110
778,Customer_778,256 Example Street,Bangalore,Karnataka,India,13.0017,77.620658,20432
779,Customer_779,486 Example Street,Delhi,Delhi,India,28.69556,77.137786,19437
780,Customer_780,58 Example Street,Bangalore,Karnataka,India,13.018297,77.571534,20298
781,Customer_781,129 Example Street,Kolkata,West Bengal,India,22.545301,88.327904,31724
782,Customer_782,104 Example Street,Mumbai,Maharashtra,India,19.040909,72.889499,40818
783,Customer_783,385 Example Street,Chennai,Tamil Nadu,India,13.121887,80.282305,41722
784,Customer_784,261 Example Street,Delhi,Delhi,India,28.664414,77.08061,21872
785,Customer_785,108 Example Street,Delhi,Delhi,India,28.701985,77.129257,44843
786,Customer_786,24 Example Street,Delhi,Delhi,India,28.712759,77.099419,18996
787,Customer_787,158 Example Street,Kolkata,West Bengal,India,22.562405,88.324642,37724
788,Customer_788,190 Example Street,Bangalore,Karnataka,India,12.930503,77.576645,5777
789,Customer_789,290 Example Street,Mumbai,Maharashtra,India,19.113687,72.888487,5427
790,Customer_790,61 Example Street,Kolkata,West Bengal,India,22.579774,88.345211,4256
791,Customer_791,272 Example Street,Bangalore,Karnataka,India,12.957995,77.618051,8812
792,Customer_792,273 Example Street,Chennai,Tamil Nadu,India,13.07217,80.269348,37116
793,Customer_793,182 Example Street,Kolkata,West Bengal,India,22.528166,88.405798,14588
794,Customer_794,473 Example Street,Mumbai,Maharashtra,India,19.041802,72.848821,15127
795,Customer_795,168 Example Street,Mumbai,Maharashtra,India,19.095498,72.924054,10352
796,Customer_796,484 Example Street,Delhi,Delhi,India,28.694046,77.120998,41143
797,Customer_797,361 Example Street,Kolkata,West Bengal,India,22.607953,88.344227,8770
798,Customer_798,319 Example Street,Delhi,Delhi,India,28.682377,77.074767,31323
799,Customer_799,225 Example Street,Chennai,Tamil Nadu,India,13.127951,80.29629,41556
800,Customer_800,375 Example Street,Delhi,Delhi,India,28.74935,77.143242,23496
801,Customer_801,429 Example Street,Chennai,Tamil Nadu,India,13.119126,80.302571,8060
802,Customer_802,422 Example Street,Chennai,Tamil Nadu,India,13.071991,80.312803,29670
803,Customer_803,61 Example Street,Bangalore,Karnataka,India,13.01226,77.570254,39734
804,Customer_804,460 Example Street,Chennai,Tamil Nadu,India,13.088736,80.305115,45690
805,Customer_805,376 Example Street,Mumbai,Maharashtra,India,19.035611,72.870851,15104
806,Customer_806,438 Example Street,Kolkata,West Bengal,India,22.620285,88.345812,8097
807,Customer_807,254 Example Street,Chennai,Tamil Nadu,India,13.108893,80.291226,16519
808,Customer_808,112 Example Street,Chennai,Tamil Nadu,India,13.098349,80.266839,14643
809,Customer_809,91 Example Street,Kolkata,West Bengal,India,22.612346,88.343851,39891
810,Customer_810,460 Example Street,Delhi,Delhi,India,28.740665,77.074578,37569
811,Customer_811,258 Example Street,Delhi,Delhi,India,28.707815,77.061111,8893
812,Customer_812,492 Example Street,Delhi,Delhi,India,28.662078,77.096987,10791
813,Customer_813,263 Example Street,Mumbai,Maharashtra,India,19.038054,72.86023,44767
814,Customer_814,420 Example Street,Kolkata,West Bengal,India,22.545621,88.340866,37160
815,Customer_815,124 Example Street,Chennai,Tamil Nadu,India,13.065011,80.268119,46694
816,Customer_816,247 Example Street,Delhi,Delhi,India,28.751562,77.138155,2980
817,Customer_817,69 Example Street,Mumbai,Maharashtra,India,19.071507,72.919365,17281
818,Customer_818,22 Example Street,Kolkata,West Bengal,India,22.561908,88.322468,8636
819,Customer_819,136 Example Street,Chennai,Tamil Nadu,India,13.058959,80.283263,13765
820,Customer_820,381 Example Street,Chennai,Tamil Nadu,India,13.074286,80.306272,19763
821,Customer_821,255 Example Street,Bangalore,Karnataka,India,12.959887,77.574663,13173
822,Customer_822,458 Example Street,Mumbai,Maharashtra,India,19.107814,72.922689,29890
823,Customer_823,311 Example Street,Mumbai,Maharashtra,India,19.047076,72.912093,16505
824,Customer_824,225 Example Street,Kolkata,West Bengal,India,22.594784,88.37163,2459
825,Customer_825,360 Example Street,Mumbai,Maharashtra,India,19.036128,72.890091,38667
826,Customer_826,93 Example Street,Kolkata,West Bengal,India,22.577536,88.413123,20164
827,Customer_827,445 Example Street,Mumbai,Maharashtra,India,19.07289,72.877576,47560
828,Customer_828,131 Example Street,Delhi,Delhi,India,28.721689,77.128049,46646
829,Customer_829,231 Example Street,Mumbai,Maharashtra,India,19.031008,72.852379,23714
830,Customer_830,240 Example Street,Bangalore,Karnataka,India,13.013602,77.57323,14127
831,Customer_831,308 Example Street,Mumbai,Maharashtra,India,19.06588,72.911151,22230
832,Customer_832,114 Example Street,Delhi,Delhi,India,28.733314,77.134551,15631
833,Customer_833,478 Example Street,Mumbai,Maharashtra,India,19.051414,72.859717,44905
834,Customer_834,29 Example Street,Kolkata,West Bengal,India,22.581552,88.411552,24254
835,Customer_835,189 Example Street,Mumbai,Maharashtra,India,19.115599,72.89596,3116
836,Customer_836,470 Example Street,Delhi,Delhi,India,28.693395,77.119892,12465
837,Customer_837,239 Example Street,Chennai,Tamil Nadu,India,13.122434,80.288313,23439
838,Customer_838,10 Example Street,Delhi,Delhi,India,28.742144,77.092783,20584
839,Customer_839,166 Example Street,Bangalore,Karnataka,India,12.994629,77.634348,21311
840,Customer_840,360 Example Street,Bangalore,Karnataka,India,12.940982,77.587424,22258
841,Customer_841,288 Example Street,Mumbai,Maharashtra,India,19.112627,72.828805,1380
842,Customer_842,314 Example Street,Mumbai,Maharashtra,India,19.108206,72.843966,7790
843,Customer_843,459 Example Street,Chennai,Tamil Nadu,India,13.059126,80.304905,4727
844,Customer_844,107 Example Street,Chennai,Tamil Nadu,India,13.104768,80.273143,38460
845,Customer_845,442 Example Street,Mumbai,Maharashtra,India,19.110583,72.829638,26162
846,Customer_846,29 Example Street,Delhi,Delhi,India,28.715541,77.127769,10179
847,Customer_847,119 Example Street,Mumbai,Maharashtra,India,19.0351,72.872735,33029
848,Customer_848,352 Example Street,Kolkata,West Bengal,India,22.615011,88.344523,6454
849,Customer_849,364 Example Street,Delhi,Delhi,India,28.728966,77.082328,18452
850,Customer_850,247 Example Street,Chennai,Tamil Nadu,India,13.095306,80.264326,40091
851,Customer_851,464 Example Street,Kolkata,West Bengal,India,22.610171,88.340261,35822
852,Customer_852,88 Example Street,Delhi,Delhi,India,28.669922,77.140829,23110
853,Customer_853,402 Example Street,Bangalore,Karnataka,India,13.01484,77.612048,44330
854,Customer_854,367 Example Street,Bangalore,Karnataka,India,12.932535,77.643047,23760
855,Customer_855,40 Example Street,Chennai,Tamil Nadu,India,13.091265,80.269227,32446
856,Customer_856,296 Example Street,Bangalore,Karnataka,India,13.007717,77.569705,23505
857,Customer_857,217 Example Street,Kolkata,West Bengal,India,22.545976,88.36872,47942
858,Customer_858,425 Example Street,Mumbai,Maharashtra,India,19.048932,72.837391,36394
859,Customer_859,398 Example Street,Mumbai,Maharashtra,India,19.10648,72.919863,19727
860,Customer_860,8 Example Street,Chennai,Tamil Nadu,India,13.093976,80.318058,34511
861,Customer_861,248 Example Street,Chennai,Tamil Nadu,India,13.060534,80.308535,27444
862,Customer_862,84 Example Street,Delhi,Delhi,India,28.715593,77.072146,1296
863,Customer_863,155 Example Street,Kolkata,West Bengal,India,22.53017,88.402021,49263
864,Customer_864,462 Example Street,Delhi,Delhi,India,28.665189,77.122753,24163
865,Customer_865,467 Example Street,Kolkata,West Bengal,India,22.558623,88.374142,33864
866,Customer_866,474 Example Street,Chennai,Tamil Nadu,India,13.120767,80.220925,11373
867,Customer_867,481 Example Street,Mumbai,Maharashtra,India,19.027696,72.913971,42804
868,Customer_868,135 Example Street,Bangalore,Karnataka,India,12.960349,77.595095,7219
869,Customer_869,145 Example Street,Delhi,Delhi,India,28.685959,77.052683,33002
870,Customer_870,479 Example Street,Delhi,Delhi,India,28.68282,77.100775,31344
871,Customer_871,34 Example Street,Mumbai,Maharashtra,India,19.095443,72.867124,19612
872,Customer_872,286 Example Street,Bangalore,Karnataka,India,12.935978,77.572197,37707
873,Customer_873,67 Example Street,Mumbai,Maharashtra,India,19.119693,72.865894,4759
874,Customer_874,200 Example Street,Kolkata,West Bengal,India,22.545105,88.349079,40116
875,Customer_875,385 Example Street,Kolkata,West Bengal,India,22.587144,88.365164,17995
876,Customer_876,75 Example Street,Kolkata,West Bengal,India,22.558923,88.382472,27891
877,Customer_877,188 Example Street,Bangalore,Karnataka,India,12.946889,77.619786,35413
878,Customer_878,170 Example Street,Chennai,Tamil Nadu,India,13.112358,80.291449,49715
879,Customer_879,285 Example Street,Kolkata,West Bengal,India,22.615097,88.323797,18499
880,Customer_880,404 Example Street,Kolkata,West Bengal,India,22.618505,88.408316,48131
881,Customer_881,79 Example Street,Mumbai,Maharashtra,India,19.123841,72.84811,10562
882,Customer_882,66 Example Street,Bangalore,Karnataka,India,12.921749,77.562568,10114
883,Customer_883,412 Example Street,Mumbai,Maharashtra,India,19.086612,72.895183,6061
884,Customer_884,146 Example Street,Bangalore,Karnataka,India,12.999613,77.621582,2935
885,Customer_885,49 Example Street,Mumbai,Maharashtra,India,19.109465,72.913031,12356
886,Customer_886,395 Example Street,Bangalore,Karnataka,India,12.952002,77.546304,43338
887,Customer_887,112 Example Street,Mumbai,Maharashtra,India,19.052396,72.864192,5059
888,Customer_888,230 Example Street,Delhi,Delhi,India,28.735826,77.056053,37784
889,Customer_889,289 Example Street,Bangalore,Karnataka,India,12.985546,77.611738,14234
890,Customer_890,55 Example Street,Kolkata,West Bengal,India,22.581284,88.361464,18770
891,Customer_891,316 Example Street,Delhi,Delhi,India,28.747706,77.143127,49587
892,Customer_892,143 Example Street,Bangalore,Karnataka,India,12.968663,77.553005,39919
893,Customer_893,212 Example Street,Chennai,Tamil Nadu,India,13.065773,80.308383,14462
894,Customer_894,197 Example Street,Kolkata,West Bengal,India,22.531219,88.38099,34634
895,Customer_895,462 Example Street,Delhi,Delhi,India,28.675695,77.068735,20817
896,Customer_896,122 Example Street,Kolkata,West Bengal,India,22.600128,88.337809,12156
897,Customer_897,7 Example Street,Delhi,Delhi,India,28.747654,77.138761,23792
898,Customer_898,493 Example Street,Delhi,Delhi,India,28.748654,77.123828,34886
899,Customer_899,457 Example Street,Bangalore,Karnataka,India,12.93886,77.578184,7943
900,Customer_900,27 Example Street,Delhi,Delhi,India,28.73031,77.143577,5621
901,Customer_901,356 Example Street,Kolkata,West Bengal,India,22.540357,88.33611,44717
902,Customer_902,434 Example Street,Kolkata,West Bengal,India,22.537279,88.356482,48702
903,Customer_903,299 Example Street,Mumbai,Maharashtra,India,19.048954,72.912733,25276
904,Customer_904,309 Example Street,Delhi,Delhi,India,28.682305,77.110958,43468
905,Customer_905,16 Example Street,Delhi,Delhi,India,28.678774,77.14003,28075
906,Customer_906,301 Example Street,Bangalore,Karnataka,India,12.97588,77.633105,19142
907,Customer_907,369 Example Street,Kolkata,West Bengal,India,22.601221,88.341879,48811
908,Customer_908,412 Example Street,Delhi,Delhi,India,28.729886,77.058057,45887
909,Customer_909,7 Example Street,Bangalore,Karnataka,India,12.939164,77.590004,26317
910,Customer_910,466 Example Street,Mumbai,Maharashtra,India,19.064291,72.866867,11663
911,Customer_911,272 Example Street,Chennai,Tamil Nadu,India,13.125899,80.308086,31049
912,Customer_912,182 Example Street,Mumbai,Maharashtra,India,19.097302,72.852163,34344
913,Customer_913,29 Example Street,Bangalore,Karnataka,India,12.931787,77.620017,9068
914,Customer_914,424 Example Street,Kolkata,West Bengal,India,22.562857,88.402054,47396
915,Customer_915,141 Example Street,Mumbai,Maharashtra,India,19.117101,72.921748,26459
916,Customer_916,346 Example Street,Kolkata,West Bengal,India,22.547236,88.340337,49082
917,Customer_917,479 Example Street,Mumbai,Maharashtra,India,19.064126,72.891031,17531
918,Customer_918,40 Example Street,Bangalore,Karnataka,India,12.939409,77.606356,30839
919,Customer_919,456 Example Street,Kolkata,West Bengal,India,22.538801,88.391322,14896
920,Customer_920,41 Example Street,Chennai,Tamil Nadu,India,13.079505,80.304709,30394
921,Customer_921,418 Example Street,Kolkata,West Bengal,India,22.578421,88.345965,39563
922,Customer_922,76 Example Street,Delhi,Delhi,India,28.673133,77.150581,22076
923,Customer_923,79 Example Street,Delhi,Delhi,India,28.71833,77.121044,27163
924,Customer_924,59 Example Street,Chennai,Tamil Nadu,India,13.048233,80.241553,39454
925,Customer_925,27 Example Street,Delhi,Delhi,India,28.74505,77.116732,20497
926,Customer_926,291 Example Street,Kolkata,West Bengal,India,22.565465,88.331618,1794
927,Customer_927,208 Example Street,Bangalore,Karnataka,India,12.961698,77.569266,10182
928,Customer_928,260 Example Street,Mumbai,Maharashtra,India,19.120742,72.880403,26909
929,Customer_929,373 Example Street,Chennai,Tamil Nadu,India,13.107339,80.22205,34449
930,Customer_930,373 Example Street,Kolkata,West Bengal,India,22.597747,88.331477,45424
931,Customer_931,455 Example Street,Kolkata,West Bengal,India,22.545401,88.342325,36865
932,Customer_932,490 Example Street,Chennai,Tamil Nadu,India,13.117164,80.241788,25199
933,Customer_933,111 Example Street,Chennai,Tamil Nadu,India,13.112531,80.222821,39458
934,Customer_934,482 Example Street,Bangalore,Karnataka,India,12.928761,77.583817,20308
935,Customer_935,27 Example Street,Mumbai,Maharashtra,India,19.074087,72.9091,41768
936,Customer_936,236 Example Street,Chennai,Tamil Nadu,India,13.126895,80.239208,47268
937,Customer_937,210 Example Street,Mumbai,Maharashtra,India,19.101299,72.846375,22425
938,Customer_938,1 Example Street,Mumbai,Maharashtra,India,19.067628,72.867035,18421
939,Customer_939,461 Example Street,Chennai,Tamil Nadu,India,13.097736,80.256757,17043
940,Customer_940,457 Example Street,Bangalore,Karnataka,India,12.926534,77.573075,38959
941,Customer_941,242 Example Street,Kolkata,West Bengal,India,22.617841,88.335557,16216
942,Customer_942,371 Example Street,Delhi,Delhi,India,28.716543,77.063245,14941
943,Customer_943,492 Example Street,Chennai,Tamil Nadu,India,13.053098,80.264632,14367
944,Customer_944,495 Example Street,Kolkata,West Bengal,India,22.591137,88.394861,42162
945,Customer_945,31 Example Street,Delhi,Delhi,India,28.689514,77.150249,15159
946,Customer_946,421 Example Street,Kolkata,West Bengal,India,22.591368,88.350336,31234
947,Customer_947,239 Example Street,Mumbai,Maharashtra,India,19.028666,72.898641,48532
948,Customer_948,166 Example Street,Delhi,Delhi,India,28.664141,77.150134,37146
949,Customer_949,186 Example Street,Chennai,Tamil Nadu,India,13.048222,80.269694,29489
950,Customer_950,267 Example Street,Bangalore,Karnataka,India,12.926767,77.546582,46305
951,Customer_951,24 Example Street,Delhi,Delhi,India,28.713445,77.143837,49836
952,Customer_952,459 Example Street,Bangalore,Karnataka,India,12.928068,77.627202,12388
953,Customer_953,327 Example Street,Delhi,Delhi,India,28.735583,77.121553,3464
954,Customer_954,287 Example Street,Bangalore,Karnataka,India,13.021598,77.568571,5057
955,Customer_955,452 Example Street,Bangalore,Karnataka,India,12.97983,77.59846,3738
956,Customer_956,417 Example Street,Delhi,Delhi,India,28.723513,77.118905,5027
957,Customer_957,157 Example Street,Chennai,Tamil Nadu,India,13.113204,80.236202,32880
958,Customer_958,349 Example Street,Mumbai,Maharashtra,India,19.093629,72.891926,2325
959,Customer_959,231 Example Street,Bangalore,Karnataka,India,13.006302,77.590771,30222
960,Customer_960,202 Example Street,Mumbai,Maharashtra,India,19.110655,72.837201,41803
961,Customer_961,309 Example Street,Bangalore,Karnataka,India,12.941293,77.640438,46045
962,Customer_962,267 Example Street,Chennai,Tamil Nadu,India,13.038959,80.2949,21425
963,Customer_963,158 Example Street,Mumbai,Maharashtra,India,19.027635,72.841741,4454
964,Customer_964,293 Example Street,Chennai,Tamil Nadu,India,13.105164,80.263312,4513
965,Customer_965,171 Example Street,Mumbai,Maharashtra,India,19.092688,72.850409,15295
966,Customer_966,275 Example Street,Kolkata,West Bengal,India,22.568294,88.330293,8205
967,Customer_967,267 Example Street,Delhi,Delhi,India,28.70659,77.053949,45739
968,Customer_968,174 Example Street,Mumbai,Maharashtra,India,19.035151,72.881926,20929
969,Customer_969,488 Example Street,Delhi,Delhi,India,28.723446,77.13205,34318
970,Customer_970,97 Example Street,Delhi,Delhi,India,28.734566,77.119763,38655
971,Customer_971,383 Example Street,Bangalore,Karnataka,India,13.015277,77.61573,25341
972,Customer_972,127 Example Street,Delhi,Delhi,India,28.723887,77.094838,19664
973,Customer_973,6 Example Street,Chennai,Tamil Nadu,India,13.107051,80.254366,47558
974,Customer_974,132 Example Street,Kolkata,West Bengal,India,22.55716,88.403173,10114
975,Customer_975,75 Example Street,Bangalore,Karnataka,India,12.977963,77.633563,30003
976,Customer_976,175 Example Street,Kolkata,West Bengal,India,22.604892,88.344598,32425
977,Customer_977,448 Example Street,Delhi,Delhi,India,28.677484,77.123378,14097
978,Customer_978,224 Example Street,Bangalore,Karnataka,India,13.017602,77.544779,16463
979,Customer_979,217 Example Street,Mumbai,Maharashtra,India,19.041668,72.831961,21781
980,Customer_980,417 Example Street,Kolkata,West Bengal,India,22.610764,88.372077,31501
981,Customer_981,95 Example Street,Kolkata,West Bengal,India,22.567844,88.379021,34573
982,Customer_982,395 Example Street,Kolkata,West Bengal,India,22.596819,88.36889,30264
983,Customer_983,230 Example Street,Delhi,Delhi,India,28.751853,77.079136,42904
984,Customer_984,488 Example Street,Kolkata,West Bengal,India,22.530312,88.328426,40802
985,Customer_985,62 Example Street,Chennai,Tamil Nadu,India,13.056039,80.296686,18067
986,Customer_986,153 Example Street,Chennai,Tamil Nadu,India,13.033204,80.272318,3113
987,Customer_987,206 Example Street,Delhi,Delhi,India,28.676692,77.110371,12100
988,Customer_988,289 Example Street,Kolkata,West Bengal,India,22.570794,88.323872,19370
989,Customer_989,308 Example Street,Chennai,Tamil Nadu,India,13.069842,80.318482,8196
990,Customer_990,166 Example Street,Mumbai,Maharashtra,India,19.109889,72.923599,31855
991,Customer_991,448 Example Street,Kolkata,West Bengal,India,22.60431,88.357987,10388
992,Customer_992,261 Example Street,Mumbai,Maharashtra,India,19.124613,72.876313,28085
993,Customer_993,402 Example Street,Delhi,Delhi,India,28.662565,77.137781,47504
994,Customer_994,359 Example Street,Chennai,Tamil Nadu,India,13.118858,80.299699,49644
995,Customer_995,476 Example Street,Delhi,Delhi,India,28.685205,77.107189,26125
996,Customer_996,477 Example Street,Kolkata,West Bengal,India,22.576415,88.354746,43059
997,Customer_997,205 Example Street,Delhi,Delhi,India,28.729027,77.122753,36271
998,Customer_998,117 Example Street,Chennai,Tamil Nadu,India,13.050166,80.266539,47614
999,Customer_999,403 Example Street,Mumbai,Maharashtra,India,19.026865,72.926187,23719
1000,Customer_1000,423 Example Street,Delhi,Delhi,India,28.716762,77.149648,46501
